index,Time,Driver,DriverNumber,LapTime,LapNumber,Stint,PitOutTime,PitInTime,Sector1Time,Sector2Time,Sector3Time,Sector1SessionTime,Sector2SessionTime,Sector3SessionTime,SpeedI1,SpeedI2,SpeedFL,SpeedST,IsPersonalBest,Compound,TyreLife,FreshTyre,Team,LapStartTime,LapStartDate,TrackStatus,Position,Deleted,DeletedReason,FastF1Generated,IsAccurate
592,0 days 01:04:54.688000,NOR,4,0 days 00:02:14.751000,1.0,1.0,0 days 00:25:22.750000,0 days 01:04:53.865000,,0 days 00:01:05.666000,0 days 00:00:32.333000,,0 days 01:04:23.227000,0 days 01:04:55.714000,279.0,264.0,,179.0,False,MEDIUM,1.0,True,McLaren,0 days 01:02:40.422000,2024-04-07 05:03:42.056,25,3.0,False,,False,False
593,0 days 01:33:25.264000,NOR,4,,2.0,2.0,0 days 01:31:13.972000,,,0 days 00:00:57.890000,0 days 00:00:39.001000,,0 days 01:32:47.135000,0 days 01:33:26.300000,241.0,255.0,48.0,226.0,False,MEDIUM,2.0,False,McLaren,0 days 01:30:58.774000,2024-04-07 05:32:00.408,1,3.0,False,,False,False
594,0 days 01:36:16.547000,NOR,4,,3.0,2.0,,,,0 days 00:00:43.152000,0 days 00:00:18.525000,,0 days 01:35:59.010000,0 days 01:36:17.594000,281.0,294.0,253.0,293.0,False,MEDIUM,3.0,False,McLaren,0 days 01:33:25.264000,2024-04-07 05:34:26.898,1,10.0,False,,False,False
595,0 days 01:37:53.400000,NOR,4,0 days 00:01:36.853000,4.0,2.0,,,0 days 00:00:35.062000,0 days 00:00:43.181000,0 days 00:00:18.610000,0 days 01:36:52.481000,0 days 01:37:35.662000,0 days 01:37:54.272000,280.0,295.0,252.0,294.0,True,MEDIUM,4.0,False,McLaren,0 days 01:36:16.547000,2024-04-07 05:37:18.181,1,7.0,False,,False,True
596,0 days 01:39:30.260000,NOR,4,0 days 00:01:36.860000,5.0,2.0,,,0 days 00:00:34.856000,0 days 00:00:43.348000,0 days 00:00:18.656000,0 days 01:38:29.128000,0 days 01:39:12.476000,0 days 01:39:31.132000,279.0,295.0,252.0,296.0,False,MEDIUM,5.0,False,McLaren,0 days 01:37:53.400000,2024-04-07 05:38:55.034,1,7.0,False,,False,True
597,0 days 01:41:08.160000,NOR,4,0 days 00:01:37.900000,6.0,2.0,,,0 days 00:00:35.298000,0 days 00:00:43.753000,0 days 00:00:18.849000,0 days 01:40:06.430000,0 days 01:40:50.183000,0 days 01:41:09.032000,275.0,295.0,252.0,289.0,False,MEDIUM,6.0,False,McLaren,0 days 01:39:30.260000,2024-04-07 05:40:31.894,1,5.0,False,,False,True
598,0 days 01:42:45.902000,NOR,4,0 days 00:01:37.742000,7.0,2.0,,,0 days 00:00:35.209000,0 days 00:00:43.702000,0 days 00:00:18.831000,0 days 01:41:44.241000,0 days 01:42:27.943000,0 days 01:42:46.774000,273.0,295.0,252.0,288.0,False,MEDIUM,7.0,False,McLaren,0 days 01:41:08.160000,2024-04-07 05:42:09.794,1,4.0,False,,False,True
599,0 days 01:44:23.726000,NOR,4,0 days 00:01:37.824000,8.0,2.0,,,0 days 00:00:35.208000,0 days 00:00:43.748000,0 days 00:00:18.868000,0 days 01:43:21.982000,0 days 01:44:05.730000,0 days 01:44:24.598000,277.0,295.0,251.0,293.0,False,MEDIUM,8.0,False,McLaren,0 days 01:42:45.902000,2024-04-07 05:43:47.536,1,3.0,False,,False,True
600,0 days 01:46:01.689000,NOR,4,0 days 00:01:37.963000,9.0,2.0,,,0 days 00:00:35.354000,0 days 00:00:43.680000,0 days 00:00:18.929000,0 days 01:44:59.952000,0 days 01:45:43.632000,0 days 01:46:02.561000,276.0,294.0,251.0,292.0,False,MEDIUM,9.0,False,McLaren,0 days 01:44:23.726000,2024-04-07 05:45:25.360,1,3.0,False,,False,True
601,0 days 01:47:39.847000,NOR,4,0 days 00:01:38.158000,10.0,2.0,,,0 days 00:00:35.536000,0 days 00:00:43.791000,0 days 00:00:18.831000,0 days 01:46:38.097000,0 days 01:47:21.888000,0 days 01:47:40.719000,277.0,293.0,251.0,293.0,False,MEDIUM,10.0,False,McLaren,0 days 01:46:01.689000,2024-04-07 05:47:03.323,1,3.0,False,,False,True
602,0 days 01:49:20.607000,NOR,4,0 days 00:01:40.760000,11.0,2.0,,0 days 01:49:20.193000,0 days 00:00:35.613000,0 days 00:00:43.963000,0 days 00:00:21.184000,0 days 01:48:16.332000,0 days 01:49:00.295000,0 days 01:49:21.479000,,294.0,,294.0,False,MEDIUM,11.0,False,McLaren,0 days 01:47:39.847000,2024-04-07 05:48:41.481,1,4.0,False,,False,False
603,0 days 01:51:16.250000,NOR,4,0 days 00:01:55.643000,12.0,3.0,0 days 01:49:43.115000,,0 days 00:00:54.321000,0 days 00:00:42.844000,0 days 00:00:18.478000,0 days 01:50:15.800000,0 days 01:50:58.644000,0 days 01:51:17.122000,277.0,294.0,253.0,293.0,False,HARD,1.0,True,McLaren,0 days 01:49:20.607000,2024-04-07 05:50:22.241,1,12.0,False,,False,False
604,0 days 01:52:52.011000,NOR,4,0 days 00:01:35.761000,13.0,3.0,,,0 days 00:00:34.413000,0 days 00:00:42.732000,0 days 00:00:18.616000,0 days 01:51:51.535000,0 days 01:52:34.267000,0 days 01:52:52.883000,279.0,293.0,253.0,293.0,True,HARD,2.0,True,McLaren,0 days 01:51:16.250000,2024-04-07 05:52:17.884,1,10.0,False,,False,True
605,0 days 01:54:28.788000,NOR,4,0 days 00:01:36.777000,14.0,3.0,,,0 days 00:00:34.874000,0 days 00:00:43.154000,0 days 00:00:18.749000,0 days 01:53:27.757000,0 days 01:54:10.911000,0 days 01:54:29.660000,278.0,294.0,252.0,292.0,False,HARD,3.0,True,McLaren,0 days 01:52:52.011000,2024-04-07 05:53:53.645,1,8.0,False,,False,True
606,0 days 01:56:05.576000,NOR,4,0 days 00:01:36.788000,15.0,3.0,,,0 days 00:00:34.892000,0 days 00:00:43.222000,0 days 00:00:18.674000,0 days 01:55:04.552000,0 days 01:55:47.774000,0 days 01:56:06.448000,,298.0,253.0,298.0,False,HARD,4.0,True,McLaren,0 days 01:54:28.788000,2024-04-07 05:55:30.422,1,7.0,False,,False,True
607,0 days 01:57:43.817000,NOR,4,0 days 00:01:38.241000,16.0,3.0,,,0 days 00:00:35.411000,0 days 00:00:43.808000,0 days 00:00:19.022000,0 days 01:56:41.859000,0 days 01:57:25.667000,0 days 01:57:44.689000,279.0,301.0,257.0,297.0,False,HARD,5.0,True,McLaren,0 days 01:56:05.576000,2024-04-07 05:57:07.210,1,5.0,False,,False,True
608,0 days 01:59:21.624000,NOR,4,0 days 00:01:37.807000,17.0,3.0,,,0 days 00:00:35.129000,0 days 00:00:43.544000,0 days 00:00:19.134000,0 days 01:58:19.818000,0 days 01:59:03.362000,0 days 01:59:22.496000,278.0,294.0,260.0,290.0,False,HARD,6.0,True,McLaren,0 days 01:57:43.817000,2024-04-07 05:58:45.451,1,4.0,False,,False,True
609,0 days 02:00:58.111000,NOR,4,0 days 00:01:36.487000,18.0,3.0,,,0 days 00:00:34.632000,0 days 00:00:43.202000,0 days 00:00:18.653000,0 days 01:59:57.128000,0 days 02:00:40.330000,0 days 02:00:58.983000,280.0,296.0,252.0,296.0,False,HARD,7.0,True,McLaren,0 days 01:59:21.624000,2024-04-07 06:00:23.258,1,3.0,False,,False,True
610,0 days 02:02:34.894000,NOR,4,0 days 00:01:36.783000,19.0,3.0,,,0 days 00:00:34.957000,0 days 00:00:43.162000,0 days 00:00:18.664000,0 days 02:01:33.940000,0 days 02:02:17.102000,0 days 02:02:35.766000,,297.0,253.0,295.0,False,HARD,8.0,True,McLaren,0 days 02:00:58.111000,2024-04-07 06:01:59.745,1,3.0,False,,False,True
611,0 days 02:04:11.741000,NOR,4,0 days 00:01:36.847000,20.0,3.0,,,0 days 00:00:34.961000,0 days 00:00:43.235000,0 days 00:00:18.651000,0 days 02:03:10.727000,0 days 02:03:53.962000,0 days 02:04:12.613000,278.0,296.0,253.0,295.0,False,HARD,9.0,True,McLaren,0 days 02:02:34.894000,2024-04-07 06:03:36.528,1,3.0,False,,False,True
612,0 days 02:05:48.737000,NOR,4,0 days 00:01:36.996000,21.0,3.0,,,0 days 00:00:34.980000,0 days 00:00:43.408000,0 days 00:00:18.608000,0 days 02:04:47.593000,0 days 02:05:31.001000,0 days 02:05:49.609000,279.0,296.0,254.0,296.0,False,HARD,10.0,True,McLaren,0 days 02:04:11.741000,2024-04-07 06:05:13.375,1,3.0,False,,False,True
613,0 days 02:07:27.625000,NOR,4,0 days 00:01:38.888000,22.0,3.0,,,0 days 00:00:35.207000,0 days 00:00:44.037000,0 days 00:00:19.644000,0 days 02:06:24.816000,0 days 02:07:08.853000,0 days 02:07:28.497000,278.0,296.0,255.0,297.0,False,HARD,11.0,True,McLaren,0 days 02:05:48.737000,2024-04-07 06:06:50.371,1,3.0,True,TRACK LIMITS AT TURN 9 LAP 22 ,False,True
614,0 days 02:09:05.838000,NOR,4,0 days 00:01:38.213000,23.0,3.0,,,0 days 00:00:35.567000,0 days 00:00:43.828000,0 days 00:00:18.818000,0 days 02:08:04.064000,0 days 02:08:47.892000,0 days 02:09:06.710000,,297.0,254.0,297.0,False,HARD,12.0,True,McLaren,0 days 02:07:27.625000,2024-04-07 06:08:29.259,1,4.0,False,,False,True
615,0 days 02:10:43.560000,NOR,4,0 days 00:01:37.722000,24.0,3.0,,,0 days 00:00:35.327000,0 days 00:00:43.654000,0 days 00:00:18.741000,0 days 02:09:42.037000,0 days 02:10:25.691000,0 days 02:10:44.432000,279.0,295.0,254.0,295.0,False,HARD,13.0,True,McLaren,0 days 02:09:05.838000,2024-04-07 06:10:07.472,1,4.0,False,,False,True
616,0 days 02:12:21.118000,NOR,4,0 days 00:01:37.558000,25.0,3.0,,,0 days 00:00:35.294000,0 days 00:00:43.603000,0 days 00:00:18.661000,0 days 02:11:19.726000,0 days 02:12:03.329000,0 days 02:12:21.990000,280.0,297.0,252.0,295.0,False,HARD,14.0,True,McLaren,0 days 02:10:43.560000,2024-04-07 06:11:45.194,1,4.0,False,,False,True
617,0 days 02:14:02.035000,NOR,4,0 days 00:01:40.917000,26.0,3.0,,0 days 02:14:01.517000,0 days 00:00:35.271000,0 days 00:00:44.337000,0 days 00:00:21.309000,0 days 02:12:57.261000,0 days 02:13:41.598000,0 days 02:14:02.907000,,300.0,,300.0,False,HARD,15.0,True,McLaren,0 days 02:12:21.118000,2024-04-07 06:13:22.752,1,5.0,False,,False,False
618,0 days 02:15:58.656000,NOR,4,0 days 00:01:56.621000,27.0,4.0,0 days 02:14:24.855000,,0 days 00:00:55.404000,0 days 00:00:42.660000,0 days 00:00:18.557000,0 days 02:14:58.311000,0 days 02:15:40.971000,0 days 02:15:59.528000,279.0,302.0,263.0,300.0,False,HARD,1.0,True,McLaren,0 days 02:14:02.035000,2024-04-07 06:15:03.669,1,8.0,False,,False,False
619,0 days 02:17:34.377000,NOR,4,0 days 00:01:35.721000,28.0,4.0,,,0 days 00:00:34.468000,0 days 00:00:42.835000,0 days 00:00:18.418000,0 days 02:16:33.996000,0 days 02:17:16.831000,0 days 02:17:35.249000,277.0,300.0,254.0,294.0,True,HARD,2.0,True,McLaren,0 days 02:15:58.656000,2024-04-07 06:17:00.290,1,8.0,False,,False,True
620,0 days 02:19:10.635000,NOR,4,0 days 00:01:36.258000,29.0,4.0,,,0 days 00:00:34.941000,0 days 00:00:42.841000,0 days 00:00:18.476000,0 days 02:18:10.190000,0 days 02:18:53.031000,0 days 02:19:11.507000,279.0,299.0,255.0,298.0,False,HARD,3.0,True,McLaren,0 days 02:17:34.377000,2024-04-07 06:18:36.011,1,8.0,False,,False,True
621,0 days 02:20:46.878000,NOR,4,0 days 00:01:36.243000,30.0,4.0,,,0 days 00:00:34.846000,0 days 00:00:42.867000,0 days 00:00:18.530000,0 days 02:19:46.353000,0 days 02:20:29.220000,0 days 02:20:47.750000,,301.0,255.0,295.0,False,HARD,4.0,True,McLaren,0 days 02:19:10.635000,2024-04-07 06:20:12.269,1,8.0,False,,False,True
622,0 days 02:22:23.103000,NOR,4,0 days 00:01:36.225000,31.0,4.0,,,0 days 00:00:34.969000,0 days 00:00:42.814000,0 days 00:00:18.442000,0 days 02:21:22.719000,0 days 02:22:05.533000,0 days 02:22:23.975000,280.0,300.0,256.0,300.0,False,HARD,5.0,True,McLaren,0 days 02:20:46.878000,2024-04-07 06:21:48.512,1,8.0,False,,False,True
623,0 days 02:23:59.478000,NOR,4,0 days 00:01:36.375000,32.0,4.0,,,0 days 00:00:34.975000,0 days 00:00:42.832000,0 days 00:00:18.568000,0 days 02:22:58.950000,0 days 02:23:41.782000,0 days 02:24:00.350000,279.0,299.0,255.0,297.0,False,HARD,6.0,True,McLaren,0 days 02:22:23.103000,2024-04-07 06:23:24.737,1,8.0,False,,False,True
624,0 days 02:25:35.818000,NOR,4,0 days 00:01:36.340000,33.0,4.0,,,0 days 00:00:34.957000,0 days 00:00:42.903000,0 days 00:00:18.480000,0 days 02:24:35.307000,0 days 02:25:18.210000,0 days 02:25:36.690000,281.0,300.0,255.0,299.0,False,HARD,7.0,True,McLaren,0 days 02:23:59.478000,2024-04-07 06:25:01.112,1,7.0,False,,False,True
625,0 days 02:27:12.080000,NOR,4,0 days 00:01:36.262000,34.0,4.0,,,0 days 00:00:35.070000,0 days 00:00:42.802000,0 days 00:00:18.390000,0 days 02:26:11.760000,0 days 02:26:54.562000,0 days 02:27:12.952000,279.0,300.0,257.0,297.0,False,HARD,8.0,True,McLaren,0 days 02:25:35.818000,2024-04-07 06:26:37.452,1,4.0,False,,False,True
626,0 days 02:28:48.694000,NOR,4,0 days 00:01:36.614000,35.0,4.0,,,0 days 00:00:35.221000,0 days 00:00:42.865000,0 days 00:00:18.528000,0 days 02:27:48.173000,0 days 02:28:31.038000,0 days 02:28:49.566000,282.0,300.0,255.0,300.0,False,HARD,9.0,True,McLaren,0 days 02:27:12.080000,2024-04-07 06:28:13.714,1,5.0,False,,False,True
627,0 days 02:30:24.590000,NOR,4,0 days 00:01:35.896000,36.0,4.0,,,0 days 00:00:34.657000,0 days 00:00:42.773000,0 days 00:00:18.466000,0 days 02:29:24.223000,0 days 02:30:06.996000,0 days 02:30:25.462000,281.0,300.0,257.0,300.0,False,HARD,10.0,True,McLaren,0 days 02:28:48.694000,2024-04-07 06:29:50.328,1,5.0,False,,False,True
628,0 days 02:32:01.002000,NOR,4,0 days 00:01:36.412000,37.0,4.0,,,0 days 00:00:34.655000,0 days 00:00:43.141000,0 days 00:00:18.616000,0 days 02:31:00.117000,0 days 02:31:43.258000,0 days 02:32:01.874000,280.0,300.0,256.0,300.0,False,HARD,11.0,True,McLaren,0 days 02:30:24.590000,2024-04-07 06:31:26.224,1,4.0,False,,False,True
629,0 days 02:33:36.885000,NOR,4,0 days 00:01:35.883000,38.0,4.0,,,0 days 00:00:34.650000,0 days 00:00:42.687000,0 days 00:00:18.546000,0 days 02:32:36.524000,0 days 02:33:19.211000,0 days 02:33:37.757000,281.0,301.0,255.0,300.0,False,HARD,12.0,True,McLaren,0 days 02:32:01.002000,2024-04-07 06:33:02.636,1,4.0,False,,False,True
630,0 days 02:35:12.591000,NOR,4,0 days 00:01:35.706000,39.0,4.0,,,0 days 00:00:34.492000,0 days 00:00:42.785000,0 days 00:00:18.429000,0 days 02:34:12.249000,0 days 02:34:55.034000,0 days 02:35:13.463000,,300.0,255.0,300.0,True,HARD,13.0,True,McLaren,0 days 02:33:36.885000,2024-04-07 06:34:38.519,1,4.0,False,,False,True
631,0 days 02:36:48.840000,NOR,4,0 days 00:01:36.249000,40.0,4.0,,,0 days 00:00:34.624000,0 days 00:00:42.995000,0 days 00:00:18.630000,0 days 02:35:48.087000,0 days 02:36:31.082000,0 days 02:36:49.712000,,302.0,261.0,302.0,False,HARD,14.0,True,McLaren,0 days 02:35:12.591000,2024-04-07 06:36:14.225,1,4.0,False,,False,True
632,0 days 02:38:24.069000,NOR,4,0 days 00:01:35.229000,41.0,4.0,,,0 days 00:00:34.119000,0 days 00:00:42.655000,0 days 00:00:18.455000,0 days 02:37:23.831000,0 days 02:38:06.486000,0 days 02:38:24.941000,,300.0,256.0,300.0,True,HARD,15.0,True,McLaren,0 days 02:36:48.840000,2024-04-07 06:37:50.474,1,4.0,False,,False,True
633,0 days 02:40:00.286000,NOR,4,0 days 00:01:36.217000,42.0,4.0,,,0 days 00:00:34.524000,0 days 00:00:43.361000,0 days 00:00:18.332000,0 days 02:38:59.465000,0 days 02:39:42.826000,0 days 02:40:01.158000,,299.0,257.0,298.0,False,HARD,16.0,True,McLaren,0 days 02:38:24.069000,2024-04-07 06:39:25.703,2,4.0,False,,False,True
634,0 days 02:41:36.206000,NOR,4,0 days 00:01:35.920000,43.0,4.0,,,0 days 00:00:34.335000,0 days 00:00:42.928000,0 days 00:00:18.657000,0 days 02:40:35.493000,0 days 02:41:18.421000,0 days 02:41:37.078000,282.0,300.0,256.0,298.0,False,HARD,17.0,True,McLaren,0 days 02:40:00.286000,2024-04-07 06:41:01.920,1,4.0,False,,False,True
635,0 days 02:43:12.597000,NOR,4,0 days 00:01:36.391000,44.0,4.0,,,0 days 00:00:35.127000,0 days 00:00:42.710000,0 days 00:00:18.554000,0 days 02:42:12.205000,0 days 02:42:54.915000,0 days 02:43:13.469000,,301.0,257.0,300.0,False,HARD,18.0,True,McLaren,0 days 02:41:36.206000,2024-04-07 06:42:37.840,1,5.0,False,,False,True
636,0 days 02:44:48.821000,NOR,4,0 days 00:01:36.224000,45.0,4.0,,,0 days 00:00:34.733000,0 days 00:00:42.977000,0 days 00:00:18.514000,0 days 02:43:48.202000,0 days 02:44:31.179000,0 days 02:44:49.693000,281.0,300.0,256.0,298.0,False,HARD,19.0,True,McLaren,0 days 02:43:12.597000,2024-04-07 06:44:14.231,1,5.0,False,,False,True
637,0 days 02:46:24.456000,NOR,4,0 days 00:01:35.635000,46.0,4.0,,,0 days 00:00:34.390000,0 days 00:00:42.727000,0 days 00:00:18.518000,0 days 02:45:24.083000,0 days 02:46:06.810000,0 days 02:46:25.328000,,299.0,257.0,299.0,False,HARD,20.0,True,McLaren,0 days 02:44:48.821000,2024-04-07 06:45:50.455,1,5.0,False,,False,True
638,0 days 02:48:00.089000,NOR,4,0 days 00:01:35.633000,47.0,4.0,,,0 days 00:00:34.419000,0 days 00:00:42.734000,0 days 00:00:18.480000,0 days 02:46:59.747000,0 days 02:47:42.481000,0 days 02:48:00.961000,282.0,299.0,256.0,300.0,False,HARD,21.0,True,McLaren,0 days 02:46:24.456000,2024-04-07 06:47:26.090,1,5.0,False,,False,True
639,0 days 02:49:35.766000,NOR,4,0 days 00:01:35.677000,48.0,4.0,,,0 days 00:00:34.492000,0 days 00:00:42.695000,0 days 00:00:18.490000,0 days 02:48:35.453000,0 days 02:49:18.148000,0 days 02:49:36.638000,281.0,300.0,257.0,300.0,False,HARD,22.0,True,McLaren,0 days 02:48:00.089000,2024-04-07 06:49:01.723,1,5.0,False,,False,True
640,0 days 02:51:11.120000,NOR,4,0 days 00:01:35.354000,49.0,4.0,,,0 days 00:00:34.321000,0 days 00:00:42.647000,0 days 00:00:18.386000,0 days 02:50:10.959000,0 days 02:50:53.606000,0 days 02:51:11.992000,,300.0,257.0,300.0,False,HARD,23.0,True,McLaren,0 days 02:49:35.766000,2024-04-07 06:50:37.400,1,5.0,False,,False,True
641,0 days 02:52:46.388000,NOR,4,0 days 00:01:35.268000,50.0,4.0,,,0 days 00:00:34.244000,0 days 00:00:42.611000,0 days 00:00:18.413000,0 days 02:51:46.236000,0 days 02:52:28.847000,0 days 02:52:47.260000,282.0,301.0,257.0,301.0,False,HARD,24.0,True,McLaren,0 days 02:51:11.120000,2024-04-07 06:52:12.754,1,5.0,False,,False,True
642,0 days 02:54:21.574000,NOR,4,0 days 00:01:35.186000,51.0,4.0,,,0 days 00:00:34.220000,0 days 00:00:42.604000,0 days 00:00:18.362000,0 days 02:53:21.480000,0 days 02:54:04.084000,0 days 02:54:22.446000,,301.0,257.0,301.0,True,HARD,25.0,True,McLaren,0 days 02:52:46.388000,2024-04-07 06:53:48.022,1,5.0,False,,False,True
643,0 days 02:55:57.406000,NOR,4,0 days 00:01:35.832000,52.0,4.0,,,0 days 00:00:34.175000,0 days 00:00:43.102000,0 days 00:00:18.555000,0 days 02:54:56.621000,0 days 02:55:39.723000,0 days 02:55:58.278000,,301.0,256.0,301.0,False,HARD,26.0,True,McLaren,0 days 02:54:21.574000,2024-04-07 06:55:23.208,1,5.0,False,,False,True
644,0 days 02:57:33.127000,NOR,4,0 days 00:01:35.721000,53.0,4.0,,,0 days 00:00:34.301000,0 days 00:00:42.947000,0 days 00:00:18.473000,0 days 02:56:32.579000,0 days 02:57:15.526000,0 days 02:57:33.999000,281.0,301.0,257.0,302.0,False,HARD,27.0,True,McLaren,0 days 02:55:57.406000,2024-04-07 06:56:59.040,1,5.0,False,,False,True
211,0 days 01:05:13.019000,LEC,16,0 days 00:02:34.543000,1.0,1.0,0 days 00:26:04.404000,0 days 01:05:12.799000,,0 days 00:01:17.828000,0 days 00:00:37.701000,,0 days 01:04:37.567000,0 days 01:05:15.480000,275.0,174.0,,151.0,False,MEDIUM,1.0,True,Ferrari,0 days 01:02:40.422000,2024-04-07 05:03:42.056,25,8.0,False,,False,False
212,0 days 01:33:44.680000,LEC,16,,2.0,2.0,0 days 01:31:36.027000,,,0 days 00:00:47.727000,0 days 00:00:46.919000,,0 days 01:33:00.010000,0 days 01:33:47.016000,254.0,260.0,57.0,148.0,False,MEDIUM,1.0,True,Ferrari,0 days 01:30:58.774000,2024-04-07 05:32:00.408,1,8.0,False,,False,False
213,0 days 01:36:17.685000,LEC,16,,3.0,2.0,,,0 days 00:01:30.624000,0 days 00:00:43.564000,0 days 00:00:18.878000,0 days 01:35:17.765000,0 days 01:36:01.186000,0 days 01:36:20.001000,275.0,298.0,253.0,293.0,False,MEDIUM,2.0,True,Ferrari,0 days 01:33:44.680000,2024-04-07 05:34:46.314,1,14.0,False,,False,False
214,0 days 01:37:55.953000,LEC,16,0 days 00:01:38.268000,4.0,2.0,,,0 days 00:00:35.805000,0 days 00:00:43.656000,0 days 00:00:18.807000,0 days 01:36:55.739000,0 days 01:37:39.395000,0 days 01:37:58.202000,,297.0,254.0,301.0,True,MEDIUM,3.0,True,Ferrari,0 days 01:36:17.685000,2024-04-07 05:37:19.319,1,14.0,False,,False,True
215,0 days 01:39:33.765000,LEC,16,0 days 00:01:37.812000,5.0,2.0,,,0 days 00:00:35.265000,0 days 00:00:43.755000,0 days 00:00:18.792000,0 days 01:38:33.467000,0 days 01:39:17.222000,0 days 01:39:36.014000,271.0,297.0,251.0,295.0,True,MEDIUM,4.0,True,Ferrari,0 days 01:37:55.953000,2024-04-07 05:38:57.587,1,12.0,False,,False,True
216,0 days 01:41:11.786000,LEC,16,0 days 00:01:38.021000,6.0,2.0,,,0 days 00:00:35.450000,0 days 00:00:43.788000,0 days 00:00:18.783000,0 days 01:40:11.464000,0 days 01:40:55.252000,0 days 01:41:14.035000,273.0,297.0,252.0,297.0,False,MEDIUM,5.0,True,Ferrari,0 days 01:39:33.765000,2024-04-07 05:40:35.399,1,11.0,False,,False,True
217,0 days 01:42:49.973000,LEC,16,0 days 00:01:38.187000,7.0,2.0,,,0 days 00:00:35.725000,0 days 00:00:43.707000,0 days 00:00:18.755000,0 days 01:41:49.760000,0 days 01:42:33.467000,0 days 01:42:52.222000,271.0,297.0,252.0,298.0,False,MEDIUM,6.0,True,Ferrari,0 days 01:41:11.786000,2024-04-07 05:42:13.420,1,11.0,False,,False,True
218,0 days 01:44:27.893000,LEC,16,0 days 00:01:37.920000,8.0,2.0,,,0 days 00:00:35.499000,0 days 00:00:43.706000,0 days 00:00:18.715000,0 days 01:43:27.721000,0 days 01:44:11.427000,0 days 01:44:30.142000,273.0,299.0,256.0,302.0,False,MEDIUM,7.0,True,Ferrari,0 days 01:42:49.973000,2024-04-07 05:43:51.607,1,9.0,False,,False,True
219,0 days 01:46:06.106000,LEC,16,0 days 00:01:38.213000,9.0,2.0,,,0 days 00:00:35.682000,0 days 00:00:43.768000,0 days 00:00:18.763000,0 days 01:45:05.824000,0 days 01:45:49.592000,0 days 01:46:08.355000,272.0,300.0,256.0,301.0,False,MEDIUM,8.0,True,Ferrari,0 days 01:44:27.893000,2024-04-07 05:45:29.527,1,7.0,False,,False,True
220,0 days 01:47:45.140000,LEC,16,0 days 00:01:39.034000,10.0,2.0,,,0 days 00:00:36.074000,0 days 00:00:44.059000,0 days 00:00:18.901000,0 days 01:46:44.429000,0 days 01:47:28.488000,0 days 01:47:47.389000,,299.0,257.0,301.0,False,MEDIUM,9.0,True,Ferrari,0 days 01:46:06.106000,2024-04-07 05:47:07.740,1,7.0,False,,False,True
221,0 days 01:49:24.333000,LEC,16,0 days 00:01:39.193000,11.0,2.0,,,0 days 00:00:36.228000,0 days 00:00:44.179000,0 days 00:00:18.786000,0 days 01:48:23.617000,0 days 01:49:07.796000,0 days 01:49:26.582000,270.0,298.0,258.0,297.0,False,MEDIUM,10.0,True,Ferrari,0 days 01:47:45.140000,2024-04-07 05:48:46.774,1,7.0,False,,False,True
222,0 days 01:51:03.216000,LEC,16,0 days 00:01:38.883000,12.0,2.0,,,0 days 00:00:35.996000,0 days 00:00:43.969000,0 days 00:00:18.918000,0 days 01:50:02.578000,0 days 01:50:46.547000,0 days 01:51:05.465000,271.0,298.0,256.0,297.0,False,MEDIUM,11.0,True,Ferrari,0 days 01:49:24.333000,2024-04-07 05:50:25.967,1,5.0,False,,False,True
223,0 days 01:52:41.695000,LEC,16,0 days 00:01:38.479000,13.0,2.0,,,0 days 00:00:35.607000,0 days 00:00:43.981000,0 days 00:00:18.891000,0 days 01:51:41.072000,0 days 01:52:25.053000,0 days 01:52:43.944000,269.0,294.0,252.0,292.0,False,MEDIUM,12.0,True,Ferrari,0 days 01:51:03.216000,2024-04-07 05:52:04.850,1,4.0,False,,False,True
224,0 days 01:54:20.290000,LEC,16,0 days 00:01:38.595000,14.0,2.0,,,0 days 00:00:35.883000,0 days 00:00:43.792000,0 days 00:00:18.920000,0 days 01:53:19.827000,0 days 01:54:03.619000,0 days 01:54:22.539000,272.0,291.0,251.0,293.0,False,MEDIUM,13.0,True,Ferrari,0 days 01:52:41.695000,2024-04-07 05:53:43.329,1,4.0,False,,False,True
225,0 days 01:55:58.462000,LEC,16,0 days 00:01:38.172000,15.0,2.0,,,0 days 00:00:35.721000,0 days 00:00:43.614000,0 days 00:00:18.837000,0 days 01:54:58.260000,0 days 01:55:41.874000,0 days 01:56:00.711000,273.0,294.0,252.0,294.0,False,MEDIUM,14.0,True,Ferrari,0 days 01:54:20.290000,2024-04-07 05:55:21.924,1,4.0,False,,False,True
226,0 days 01:57:36.338000,LEC,16,0 days 00:01:37.876000,16.0,2.0,,,0 days 00:00:35.533000,0 days 00:00:43.482000,0 days 00:00:18.861000,0 days 01:56:36.244000,0 days 01:57:19.726000,0 days 01:57:38.587000,275.0,292.0,252.0,293.0,False,MEDIUM,15.0,True,Ferrari,0 days 01:55:58.462000,2024-04-07 05:57:00.096,1,2.0,False,,False,True
227,0 days 01:59:14.194000,LEC,16,0 days 00:01:37.856000,17.0,2.0,,,0 days 00:00:35.435000,0 days 00:00:43.554000,0 days 00:00:18.867000,0 days 01:58:14.022000,0 days 01:58:57.576000,0 days 01:59:16.443000,274.0,292.0,253.0,295.0,False,MEDIUM,16.0,True,Ferrari,0 days 01:57:36.338000,2024-04-07 05:58:37.972,1,1.0,False,,False,True
228,0 days 02:00:51.954000,LEC,16,0 days 00:01:37.760000,18.0,2.0,,,0 days 00:00:35.551000,0 days 00:00:43.501000,0 days 00:00:18.708000,0 days 01:59:51.994000,0 days 02:00:35.495000,0 days 02:00:54.203000,,292.0,252.0,295.0,True,MEDIUM,17.0,True,Ferrari,0 days 01:59:14.194000,2024-04-07 06:00:15.828,1,1.0,False,,False,True
229,0 days 02:02:29.477000,LEC,16,0 days 00:01:37.523000,19.0,2.0,,,0 days 00:00:35.393000,0 days 00:00:43.470000,0 days 00:00:18.660000,0 days 02:01:29.596000,0 days 02:02:13.066000,0 days 02:02:31.726000,275.0,293.0,253.0,295.0,True,MEDIUM,18.0,True,Ferrari,0 days 02:00:51.954000,2024-04-07 06:01:53.588,1,1.0,False,,False,True
230,0 days 02:04:06.957000,LEC,16,0 days 00:01:37.480000,20.0,2.0,,,0 days 00:00:35.344000,0 days 00:00:43.542000,0 days 00:00:18.594000,0 days 02:03:07.070000,0 days 02:03:50.612000,0 days 02:04:09.206000,274.0,293.0,254.0,294.0,True,MEDIUM,19.0,True,Ferrari,0 days 02:02:29.477000,2024-04-07 06:03:31.111,1,1.0,False,,False,True
231,0 days 02:05:45.160000,LEC,16,0 days 00:01:38.203000,21.0,2.0,,,0 days 00:00:35.888000,0 days 00:00:43.624000,0 days 00:00:18.691000,0 days 02:04:45.094000,0 days 02:05:28.718000,0 days 02:05:47.409000,275.0,295.0,254.0,298.0,False,MEDIUM,20.0,True,Ferrari,0 days 02:04:06.957000,2024-04-07 06:05:08.591,1,1.0,False,,False,True
232,0 days 02:07:22.904000,LEC,16,0 days 00:01:37.744000,22.0,2.0,,,0 days 00:00:35.399000,0 days 00:00:43.593000,0 days 00:00:18.752000,0 days 02:06:22.808000,0 days 02:07:06.401000,0 days 02:07:25.153000,,295.0,253.0,295.0,False,MEDIUM,21.0,True,Ferrari,0 days 02:05:45.160000,2024-04-07 06:06:46.794,1,2.0,False,,False,True
233,0 days 02:09:00.659000,LEC,16,0 days 00:01:37.755000,23.0,2.0,,,0 days 00:00:35.460000,0 days 00:00:43.550000,0 days 00:00:18.745000,0 days 02:08:00.613000,0 days 02:08:44.163000,0 days 02:09:02.908000,274.0,295.0,252.0,296.0,False,MEDIUM,22.0,True,Ferrari,0 days 02:07:22.904000,2024-04-07 06:08:24.538,1,2.0,False,,False,True
234,0 days 02:10:38.730000,LEC,16,0 days 00:01:38.071000,24.0,2.0,,,0 days 00:00:35.654000,0 days 00:00:43.621000,0 days 00:00:18.796000,0 days 02:09:38.562000,0 days 02:10:22.183000,0 days 02:10:40.979000,273.0,294.0,253.0,295.0,False,MEDIUM,23.0,True,Ferrari,0 days 02:09:00.659000,2024-04-07 06:10:02.293,1,2.0,False,,False,True
235,0 days 02:12:16.648000,LEC,16,0 days 00:01:37.918000,25.0,2.0,,,0 days 00:00:35.498000,0 days 00:00:43.731000,0 days 00:00:18.689000,0 days 02:11:16.477000,0 days 02:12:00.208000,0 days 02:12:18.897000,275.0,295.0,254.0,295.0,False,MEDIUM,24.0,True,Ferrari,0 days 02:10:38.730000,2024-04-07 06:11:40.364,1,2.0,False,,False,True
236,0 days 02:13:59.823000,LEC,16,0 days 00:01:43.175000,26.0,2.0,,0 days 02:14:00.746000,0 days 00:00:35.536000,0 days 00:00:46.559000,0 days 00:00:21.080000,0 days 02:12:54.433000,0 days 02:13:40.992000,0 days 02:14:02.072000,273.0,297.0,,298.0,False,MEDIUM,25.0,True,Ferrari,0 days 02:12:16.648000,2024-04-07 06:13:18.282,1,3.0,True,TRACK LIMITS AT TURN 9 LAP 26 ,False,False
237,0 days 02:15:55.446000,LEC,16,0 days 00:01:55.623000,27.0,3.0,0 days 02:14:24.012000,,0 days 00:00:54.455000,0 days 00:00:42.624000,0 days 00:00:18.544000,0 days 02:14:56.527000,0 days 02:15:39.151000,0 days 02:15:57.695000,276.0,295.0,254.0,293.0,False,HARD,1.0,True,Ferrari,0 days 02:13:59.823000,2024-04-07 06:15:01.457,1,7.0,False,,False,False
238,0 days 02:17:31.536000,LEC,16,0 days 00:01:36.090000,28.0,3.0,,,0 days 00:00:34.766000,0 days 00:00:42.802000,0 days 00:00:18.522000,0 days 02:16:32.461000,0 days 02:17:15.263000,0 days 02:17:33.785000,275.0,297.0,254.0,293.0,True,HARD,2.0,True,Ferrari,0 days 02:15:55.446000,2024-04-07 06:16:57.080,1,6.0,False,,False,True
239,0 days 02:19:07.893000,LEC,16,0 days 00:01:36.357000,29.0,3.0,,,0 days 00:00:34.918000,0 days 00:00:42.806000,0 days 00:00:18.633000,0 days 02:18:08.703000,0 days 02:18:51.509000,0 days 02:19:10.142000,,296.0,253.0,295.0,False,HARD,3.0,True,Ferrari,0 days 02:17:31.536000,2024-04-07 06:18:33.170,1,6.0,False,,False,True
240,0 days 02:20:44.118000,LEC,16,0 days 00:01:36.225000,30.0,3.0,,,0 days 00:00:34.913000,0 days 00:00:42.847000,0 days 00:00:18.465000,0 days 02:19:45.055000,0 days 02:20:27.902000,0 days 02:20:46.367000,,297.0,254.0,296.0,False,HARD,4.0,True,Ferrari,0 days 02:19:07.893000,2024-04-07 06:20:09.527,1,6.0,False,,False,True
241,0 days 02:22:20.319000,LEC,16,0 days 00:01:36.201000,31.0,3.0,,,0 days 00:00:34.794000,0 days 00:00:42.878000,0 days 00:00:18.529000,0 days 02:21:21.161000,0 days 02:22:04.039000,0 days 02:22:22.568000,,299.0,254.0,297.0,False,HARD,5.0,True,Ferrari,0 days 02:20:44.118000,2024-04-07 06:21:45.752,1,6.0,False,,False,True
242,0 days 02:23:56.463000,LEC,16,0 days 00:01:36.144000,32.0,3.0,,,0 days 00:00:34.901000,0 days 00:00:42.737000,0 days 00:00:18.506000,0 days 02:22:57.469000,0 days 02:23:40.206000,0 days 02:23:58.712000,279.0,300.0,258.0,301.0,False,HARD,6.0,True,Ferrari,0 days 02:22:20.319000,2024-04-07 06:23:21.953,1,5.0,False,,False,True
243,0 days 02:25:32.341000,LEC,16,0 days 00:01:35.878000,33.0,3.0,,,0 days 00:00:34.376000,0 days 00:00:42.930000,0 days 00:00:18.572000,0 days 02:24:33.088000,0 days 02:25:16.018000,0 days 02:25:34.590000,276.0,298.0,254.0,298.0,True,HARD,7.0,True,Ferrari,0 days 02:23:56.463000,2024-04-07 06:24:58.097,1,4.0,False,,False,True
244,0 days 02:27:08.661000,LEC,16,0 days 00:01:36.320000,34.0,3.0,,,0 days 00:00:34.925000,0 days 00:00:42.872000,0 days 00:00:18.523000,0 days 02:26:09.515000,0 days 02:26:52.387000,0 days 02:27:10.910000,277.0,296.0,255.0,297.0,False,HARD,8.0,True,Ferrari,0 days 02:25:32.341000,2024-04-07 06:26:33.975,1,3.0,False,,False,True
245,0 days 02:28:44.717000,LEC,16,0 days 00:01:36.056000,35.0,3.0,,,0 days 00:00:34.740000,0 days 00:00:42.872000,0 days 00:00:18.444000,0 days 02:27:45.650000,0 days 02:28:28.522000,0 days 02:28:46.966000,278.0,297.0,256.0,299.0,False,HARD,9.0,True,Ferrari,0 days 02:27:08.661000,2024-04-07 06:28:10.295,1,3.0,False,,False,True
246,0 days 02:30:21.398000,LEC,16,0 days 00:01:36.681000,36.0,3.0,,,0 days 00:00:35.315000,0 days 00:00:42.850000,0 days 00:00:18.516000,0 days 02:29:22.281000,0 days 02:30:05.131000,0 days 02:30:23.647000,276.0,300.0,257.0,298.0,False,HARD,10.0,True,Ferrari,0 days 02:28:44.717000,2024-04-07 06:29:46.351,1,3.0,False,,False,True
247,0 days 02:31:57.533000,LEC,16,0 days 00:01:36.135000,37.0,3.0,,,0 days 00:00:34.712000,0 days 00:00:42.789000,0 days 00:00:18.634000,0 days 02:30:58.359000,0 days 02:31:41.148000,0 days 02:31:59.782000,,298.0,256.0,297.0,False,HARD,11.0,True,Ferrari,0 days 02:30:21.398000,2024-04-07 06:31:23.032,1,3.0,False,,False,True
248,0 days 02:33:33.562000,LEC,16,0 days 00:01:36.029000,38.0,3.0,,,0 days 00:00:34.752000,0 days 00:00:42.737000,0 days 00:00:18.540000,0 days 02:32:34.534000,0 days 02:33:17.271000,0 days 02:33:35.811000,277.0,299.0,256.0,300.0,False,HARD,12.0,True,Ferrari,0 days 02:31:57.533000,2024-04-07 06:32:59.167,1,3.0,False,,False,True
249,0 days 02:35:09.255000,LEC,16,0 days 00:01:35.693000,39.0,3.0,,,0 days 00:00:34.610000,0 days 00:00:42.582000,0 days 00:00:18.501000,0 days 02:34:10.421000,0 days 02:34:53.003000,0 days 02:35:11.504000,280.0,301.0,255.0,303.0,True,HARD,13.0,True,Ferrari,0 days 02:33:33.562000,2024-04-07 06:34:35.196,1,3.0,False,,False,True
250,0 days 02:36:45.596000,LEC,16,0 days 00:01:36.341000,40.0,3.0,,,0 days 00:00:34.998000,0 days 00:00:42.799000,0 days 00:00:18.544000,0 days 02:35:46.502000,0 days 02:36:29.301000,0 days 02:36:47.845000,275.0,298.0,256.0,297.0,False,HARD,14.0,True,Ferrari,0 days 02:35:09.255000,2024-04-07 06:36:10.889,1,3.0,False,,False,True
251,0 days 02:38:21.047000,LEC,16,0 days 00:01:35.451000,41.0,3.0,,,0 days 00:00:34.356000,0 days 00:00:42.553000,0 days 00:00:18.542000,0 days 02:37:22.201000,0 days 02:38:04.754000,0 days 02:38:23.296000,277.0,298.0,256.0,298.0,True,HARD,15.0,True,Ferrari,0 days 02:36:45.596000,2024-04-07 06:37:47.230,1,3.0,False,,False,True
252,0 days 02:39:56.844000,LEC,16,0 days 00:01:35.797000,42.0,3.0,,,0 days 00:00:34.362000,0 days 00:00:43.019000,0 days 00:00:18.416000,0 days 02:38:57.658000,0 days 02:39:40.677000,0 days 02:39:59.093000,278.0,297.0,257.0,299.0,False,HARD,16.0,True,Ferrari,0 days 02:38:21.047000,2024-04-07 06:39:22.681,2,3.0,False,,False,True
253,0 days 02:41:32.557000,LEC,16,0 days 00:01:35.713000,43.0,3.0,,,0 days 00:00:34.546000,0 days 00:00:42.666000,0 days 00:00:18.501000,0 days 02:40:33.639000,0 days 02:41:16.305000,0 days 02:41:34.806000,277.0,299.0,256.0,298.0,False,HARD,17.0,True,Ferrari,0 days 02:39:56.844000,2024-04-07 06:40:58.478,1,3.0,False,,False,True
254,0 days 02:43:08.242000,LEC,16,0 days 00:01:35.685000,44.0,3.0,,,0 days 00:00:34.483000,0 days 00:00:42.776000,0 days 00:00:18.426000,0 days 02:42:09.289000,0 days 02:42:52.065000,0 days 02:43:10.491000,279.0,301.0,257.0,301.0,False,HARD,18.0,True,Ferrari,0 days 02:41:32.557000,2024-04-07 06:42:34.191,1,3.0,False,,False,True
255,0 days 02:44:43.981000,LEC,16,0 days 00:01:35.739000,45.0,3.0,,,0 days 00:00:34.489000,0 days 00:00:42.616000,0 days 00:00:18.634000,0 days 02:43:44.980000,0 days 02:44:27.596000,0 days 02:44:46.230000,276.0,297.0,256.0,296.0,False,HARD,19.0,True,Ferrari,0 days 02:43:08.242000,2024-04-07 06:44:09.876,1,3.0,False,,False,True
256,0 days 02:46:20.759000,LEC,16,0 days 00:01:36.778000,46.0,3.0,,,0 days 00:00:35.285000,0 days 00:00:42.882000,0 days 00:00:18.611000,0 days 02:45:21.515000,0 days 02:46:04.397000,0 days 02:46:23.008000,277.0,298.0,256.0,299.0,False,HARD,20.0,True,Ferrari,0 days 02:44:43.981000,2024-04-07 06:45:45.615,1,4.0,False,,False,True
257,0 days 02:47:56.681000,LEC,16,0 days 00:01:35.922000,47.0,3.0,,,0 days 00:00:34.607000,0 days 00:00:42.757000,0 days 00:00:18.558000,0 days 02:46:57.615000,0 days 02:47:40.372000,0 days 02:47:58.930000,275.0,299.0,256.0,297.0,False,HARD,21.0,True,Ferrari,0 days 02:46:20.759000,2024-04-07 06:47:22.393,1,4.0,False,,False,True
258,0 days 02:49:32.183000,LEC,16,0 days 00:01:35.502000,48.0,3.0,,,0 days 00:00:34.429000,0 days 00:00:42.600000,0 days 00:00:18.473000,0 days 02:48:33.359000,0 days 02:49:15.959000,0 days 02:49:34.432000,277.0,298.0,256.0,299.0,False,HARD,22.0,True,Ferrari,0 days 02:47:56.681000,2024-04-07 06:48:58.315,1,4.0,False,,False,True
259,0 days 02:51:07.726000,LEC,16,0 days 00:01:35.543000,49.0,3.0,,,0 days 00:00:34.412000,0 days 00:00:42.697000,0 days 00:00:18.434000,0 days 02:50:08.844000,0 days 02:50:51.541000,0 days 02:51:09.975000,276.0,298.0,256.0,298.0,False,HARD,23.0,True,Ferrari,0 days 02:49:32.183000,2024-04-07 06:50:33.817,1,4.0,False,,False,True
260,0 days 02:52:43,LEC,16,0 days 00:01:35.274000,50.0,3.0,,,0 days 00:00:34.352000,0 days 00:00:42.548000,0 days 00:00:18.374000,0 days 02:51:44.327000,0 days 02:52:26.875000,0 days 02:52:45.249000,280.0,298.0,257.0,299.0,True,HARD,24.0,True,Ferrari,0 days 02:51:07.726000,2024-04-07 06:52:09.360,1,4.0,False,,False,True
261,0 days 02:54:18.199000,LEC,16,0 days 00:01:35.199000,51.0,3.0,,,0 days 00:00:34.245000,0 days 00:00:42.492000,0 days 00:00:18.462000,0 days 02:53:19.494000,0 days 02:54:01.986000,0 days 02:54:20.448000,282.0,299.0,256.0,300.0,True,HARD,25.0,True,Ferrari,0 days 02:52:43,2024-04-07 06:53:44.634,1,4.0,False,,False,True
262,0 days 02:55:53.515000,LEC,16,0 days 00:01:35.316000,52.0,3.0,,,0 days 00:00:34.299000,0 days 00:00:42.573000,0 days 00:00:18.444000,0 days 02:54:54.747000,0 days 02:55:37.320000,0 days 02:55:55.764000,281.0,299.0,256.0,299.0,False,HARD,26.0,True,Ferrari,0 days 02:54:18.199000,2024-04-07 06:55:19.833,1,4.0,False,,False,True
263,0 days 02:57:28.559000,LEC,16,0 days 00:01:35.044000,53.0,3.0,,,0 days 00:00:34.141000,0 days 00:00:42.505000,0 days 00:00:18.398000,0 days 02:56:29.905000,0 days 02:57:12.410000,0 days 02:57:30.808000,282.0,299.0,255.0,301.0,True,HARD,27.0,True,Ferrari,0 days 02:55:53.515000,2024-04-07 06:56:55.149,1,4.0,False,,False,True
698,0 days 01:04:57.504000,SAI,55,0 days 00:02:17.613000,1.0,1.0,0 days 00:26:15.054000,0 days 01:04:56.098000,,0 days 00:01:07.997000,0 days 00:00:32.076000,,0 days 01:04:26.329000,0 days 01:04:58.504000,279.0,243.0,,180.0,False,MEDIUM,1.0,True,Ferrari,0 days 01:02:40.422000,2024-04-07 05:03:42.056,25,4.0,False,,False,False
699,0 days 01:33:29.708000,SAI,55,,2.0,2.0,0 days 01:31:16.209000,,,0 days 00:00:55.565000,0 days 00:00:41.069000,,0 days 01:32:49.649000,0 days 01:33:30.609000,253.0,259.0,44.0,244.0,False,MEDIUM,1.0,True,Ferrari,0 days 01:30:58.774000,2024-04-07 05:32:00.408,1,4.0,False,,False,False
700,0 days 01:36:16.965000,SAI,55,,3.0,2.0,,,,0 days 00:00:43.105000,0 days 00:00:18.553000,,0 days 01:35:59.498000,0 days 01:36:18.095000,282.0,298.0,256.0,301.0,False,MEDIUM,2.0,True,Ferrari,0 days 01:33:29.708000,2024-04-07 05:34:31.342,1,12.0,False,,False,False
701,0 days 01:37:54.190000,SAI,55,0 days 00:01:37.225000,4.0,2.0,,,0 days 00:00:35.406000,0 days 00:00:43.259000,0 days 00:00:18.560000,0 days 01:36:53.272000,0 days 01:37:36.531000,0 days 01:37:55.091000,277.0,298.0,258.0,300.0,True,MEDIUM,3.0,True,Ferrari,0 days 01:36:16.965000,2024-04-07 05:37:18.599,1,9.0,False,,False,True
702,0 days 01:39:31.512000,SAI,55,0 days 00:01:37.322000,5.0,2.0,,,0 days 00:00:35.099000,0 days 00:00:43.533000,0 days 00:00:18.690000,0 days 01:38:30.190000,0 days 01:39:13.723000,0 days 01:39:32.413000,275.0,296.0,254.0,299.0,False,MEDIUM,4.0,True,Ferrari,0 days 01:37:54.190000,2024-04-07 05:38:55.824,1,8.0,False,,False,True
703,0 days 01:41:09.233000,SAI,55,0 days 00:01:37.721000,6.0,2.0,,,0 days 00:00:35.423000,0 days 00:00:43.562000,0 days 00:00:18.736000,0 days 01:40:07.836000,0 days 01:40:51.398000,0 days 01:41:10.134000,272.0,298.0,254.0,297.0,False,MEDIUM,5.0,True,Ferrari,0 days 01:39:31.512000,2024-04-07 05:40:33.146,1,8.0,False,,False,True
704,0 days 01:42:46.989000,SAI,55,0 days 00:01:37.756000,7.0,2.0,,,0 days 00:00:35.530000,0 days 00:00:43.673000,0 days 00:00:18.553000,0 days 01:41:45.664000,0 days 01:42:29.337000,0 days 01:42:47.890000,,296.0,254.0,297.0,False,MEDIUM,6.0,True,Ferrari,0 days 01:41:09.233000,2024-04-07 05:42:10.867,1,5.0,False,,False,True
705,0 days 01:44:24.725000,SAI,55,0 days 00:01:37.736000,8.0,2.0,,,0 days 00:00:35.544000,0 days 00:00:43.610000,0 days 00:00:18.582000,0 days 01:43:23.434000,0 days 01:44:07.044000,0 days 01:44:25.626000,,297.0,254.0,299.0,False,MEDIUM,7.0,True,Ferrari,0 days 01:42:46.989000,2024-04-07 05:43:48.623,1,4.0,False,,False,True
706,0 days 01:46:02.705000,SAI,55,0 days 00:01:37.980000,9.0,2.0,,,0 days 00:00:35.633000,0 days 00:00:43.626000,0 days 00:00:18.721000,0 days 01:45:01.259000,0 days 01:45:44.885000,0 days 01:46:03.606000,274.0,297.0,253.0,299.0,False,MEDIUM,8.0,True,Ferrari,0 days 01:44:24.725000,2024-04-07 05:45:26.359,1,4.0,False,,False,True
707,0 days 01:47:41.009000,SAI,55,0 days 00:01:38.304000,10.0,2.0,,,0 days 00:00:35.782000,0 days 00:00:43.746000,0 days 00:00:18.776000,0 days 01:46:39.388000,0 days 01:47:23.134000,0 days 01:47:41.910000,273.0,297.0,253.0,298.0,False,MEDIUM,9.0,True,Ferrari,0 days 01:46:02.705000,2024-04-07 05:47:04.339,1,4.0,False,,False,True
708,0 days 01:49:19.282000,SAI,55,0 days 00:01:38.273000,11.0,2.0,,,0 days 00:00:35.648000,0 days 00:00:43.930000,0 days 00:00:18.695000,0 days 01:48:17.558000,0 days 01:49:01.488000,0 days 01:49:20.183000,274.0,297.0,253.0,298.0,False,MEDIUM,10.0,True,Ferrari,0 days 01:47:41.009000,2024-04-07 05:48:42.643,1,3.0,False,,False,True
709,0 days 01:50:57.129000,SAI,55,0 days 00:01:37.847000,12.0,2.0,,,0 days 00:00:35.511000,0 days 00:00:43.617000,0 days 00:00:18.719000,0 days 01:49:55.694000,0 days 01:50:39.311000,0 days 01:50:58.030000,,294.0,253.0,296.0,False,MEDIUM,11.0,True,Ferrari,0 days 01:49:19.282000,2024-04-07 05:50:20.916,1,3.0,False,,False,True
710,0 days 01:52:35.462000,SAI,55,0 days 00:01:38.333000,13.0,2.0,,,0 days 00:00:35.776000,0 days 00:00:43.833000,0 days 00:00:18.724000,0 days 01:51:33.806000,0 days 01:52:17.639000,0 days 01:52:36.363000,275.0,293.0,253.0,295.0,False,MEDIUM,12.0,True,Ferrari,0 days 01:50:57.129000,2024-04-07 05:51:58.763,1,3.0,False,,False,True
711,0 days 01:54:13.966000,SAI,55,0 days 00:01:38.504000,14.0,2.0,,,0 days 00:00:35.794000,0 days 00:00:43.861000,0 days 00:00:18.849000,0 days 01:53:12.157000,0 days 01:53:56.018000,0 days 01:54:14.867000,276.0,292.0,253.0,294.0,False,MEDIUM,13.0,True,Ferrari,0 days 01:52:35.462000,2024-04-07 05:53:37.096,1,3.0,False,,False,True
712,0 days 01:55:54.405000,SAI,55,0 days 00:01:40.439000,15.0,2.0,,0 days 01:55:54.071000,0 days 00:00:35.661000,0 days 00:00:43.689000,0 days 00:00:21.089000,0 days 01:54:50.528000,0 days 01:55:34.217000,0 days 01:55:55.306000,278.0,294.0,,295.0,False,MEDIUM,14.0,True,Ferrari,0 days 01:54:13.966000,2024-04-07 05:55:15.600,1,3.0,False,,False,False
713,0 days 01:57:50.564000,SAI,55,0 days 00:01:56.159000,16.0,3.0,0 days 01:56:17.184000,,0 days 00:00:54.516000,0 days 00:00:43.041000,0 days 00:00:18.602000,0 days 01:56:49.822000,0 days 01:57:32.863000,0 days 01:57:51.465000,279.0,294.0,255.0,293.0,False,MEDIUM,2.0,False,Ferrari,0 days 01:55:54.405000,2024-04-07 05:56:56.039,1,9.0,False,,False,False
714,0 days 01:59:27.033000,SAI,55,0 days 00:01:36.469000,17.0,3.0,,,0 days 00:00:35.106000,0 days 00:00:42.875000,0 days 00:00:18.488000,0 days 01:58:26.571000,0 days 01:59:09.446000,0 days 01:59:27.934000,275.0,295.0,255.0,296.0,True,MEDIUM,3.0,False,Ferrari,0 days 01:57:50.564000,2024-04-07 05:58:52.198,1,8.0,False,,False,True
715,0 days 02:01:03.731000,SAI,55,0 days 00:01:36.698000,18.0,3.0,,,0 days 00:00:35.072000,0 days 00:00:43.179000,0 days 00:00:18.447000,0 days 02:00:03.006000,0 days 02:00:46.185000,0 days 02:01:04.632000,,299.0,260.0,301.0,False,MEDIUM,4.0,False,Ferrari,0 days 01:59:27.033000,2024-04-07 06:00:28.667,1,7.0,False,,False,True
716,0 days 02:02:41.517000,SAI,55,0 days 00:01:37.786000,19.0,3.0,,,0 days 00:00:35.622000,0 days 00:00:43.580000,0 days 00:00:18.584000,0 days 02:01:40.254000,0 days 02:02:23.834000,0 days 02:02:42.418000,274.0,297.0,254.0,292.0,False,MEDIUM,5.0,False,Ferrari,0 days 02:01:03.731000,2024-04-07 06:02:05.365,1,7.0,False,,False,True
717,0 days 02:04:18.831000,SAI,55,0 days 00:01:37.314000,20.0,3.0,,,0 days 00:00:35.072000,0 days 00:00:43.475000,0 days 00:00:18.767000,0 days 02:03:17.490000,0 days 02:04:00.965000,0 days 02:04:19.732000,273.0,299.0,261.0,299.0,False,MEDIUM,6.0,False,Ferrari,0 days 02:02:41.517000,2024-04-07 06:03:43.151,1,6.0,False,,False,True
718,0 days 02:05:56.826000,SAI,55,0 days 00:01:37.995000,21.0,3.0,,,0 days 00:00:35.980000,0 days 00:00:43.429000,0 days 00:00:18.586000,0 days 02:04:55.712000,0 days 02:05:39.141000,0 days 02:05:57.727000,271.0,294.0,256.0,286.0,False,MEDIUM,7.0,False,Ferrari,0 days 02:04:18.831000,2024-04-07 06:05:20.465,1,6.0,False,,False,True
719,0 days 02:07:33.401000,SAI,55,0 days 00:01:36.575000,22.0,3.0,,,0 days 00:00:34.861000,0 days 00:00:43.148000,0 days 00:00:18.566000,0 days 02:06:32.588000,0 days 02:07:15.736000,0 days 02:07:34.302000,273.0,295.0,255.0,293.0,False,MEDIUM,8.0,False,Ferrari,0 days 02:05:56.826000,2024-04-07 06:06:58.460,1,5.0,False,,False,True
720,0 days 02:09:10.180000,SAI,55,0 days 00:01:36.779000,23.0,3.0,,,0 days 00:00:34.988000,0 days 00:00:43.269000,0 days 00:00:18.522000,0 days 02:08:09.290000,0 days 02:08:52.559000,0 days 02:09:11.081000,274.0,296.0,255.0,296.0,False,MEDIUM,9.0,False,Ferrari,0 days 02:07:33.401000,2024-04-07 06:08:35.035,1,5.0,False,,False,True
721,0 days 02:10:46.985000,SAI,55,0 days 00:01:36.805000,24.0,3.0,,,0 days 00:00:35.020000,0 days 00:00:43.226000,0 days 00:00:18.559000,0 days 02:09:46.101000,0 days 02:10:29.327000,0 days 02:10:47.886000,275.0,295.0,255.0,296.0,False,MEDIUM,10.0,False,Ferrari,0 days 02:09:10.180000,2024-04-07 06:10:11.814,1,5.0,False,,False,True
722,0 days 02:12:23.930000,SAI,55,0 days 00:01:36.945000,25.0,3.0,,,0 days 00:00:35,0 days 00:00:43.395000,0 days 00:00:18.550000,0 days 02:11:22.886000,0 days 02:12:06.281000,0 days 02:12:24.831000,276.0,298.0,254.0,297.0,False,MEDIUM,11.0,False,Ferrari,0 days 02:10:46.985000,2024-04-07 06:11:48.619,1,5.0,False,,False,True
723,0 days 02:14:01.067000,SAI,55,0 days 00:01:37.137000,26.0,3.0,,,0 days 00:00:35.136000,0 days 00:00:43.448000,0 days 00:00:18.553000,0 days 02:12:59.967000,0 days 02:13:43.415000,0 days 02:14:01.968000,277.0,298.0,254.0,300.0,False,MEDIUM,12.0,False,Ferrari,0 days 02:12:23.930000,2024-04-07 06:13:25.564,1,4.0,False,,False,True
724,0 days 02:15:38.135000,SAI,55,0 days 00:01:37.068000,27.0,3.0,,,0 days 00:00:35.134000,0 days 00:00:43.321000,0 days 00:00:18.613000,0 days 02:14:37.102000,0 days 02:15:20.423000,0 days 02:15:39.036000,278.0,297.0,254.0,296.0,False,MEDIUM,13.0,False,Ferrari,0 days 02:14:01.067000,2024-04-07 06:15:02.701,1,3.0,False,,False,True
725,0 days 02:17:14.980000,SAI,55,0 days 00:01:36.845000,28.0,3.0,,,0 days 00:00:35.048000,0 days 00:00:43.195000,0 days 00:00:18.602000,0 days 02:16:14.084000,0 days 02:16:57.279000,0 days 02:17:15.881000,277.0,297.0,255.0,296.0,False,MEDIUM,14.0,False,Ferrari,0 days 02:15:38.135000,2024-04-07 06:16:39.769,1,3.0,False,,False,True
726,0 days 02:18:52.156000,SAI,55,0 days 00:01:37.176000,29.0,3.0,,,0 days 00:00:35.255000,0 days 00:00:43.195000,0 days 00:00:18.726000,0 days 02:17:51.136000,0 days 02:18:34.331000,0 days 02:18:53.057000,276.0,296.0,254.0,297.0,False,MEDIUM,15.0,False,Ferrari,0 days 02:17:14.980000,2024-04-07 06:18:16.614,1,3.0,False,,False,True
727,0 days 02:20:29.166000,SAI,55,0 days 00:01:37.010000,30.0,3.0,,,0 days 00:00:35.234000,0 days 00:00:43.204000,0 days 00:00:18.572000,0 days 02:19:28.291000,0 days 02:20:11.495000,0 days 02:20:30.067000,279.0,297.0,255.0,296.0,False,MEDIUM,16.0,False,Ferrari,0 days 02:18:52.156000,2024-04-07 06:19:53.790,1,3.0,False,,False,True
728,0 days 02:22:06.067000,SAI,55,0 days 00:01:36.901000,31.0,3.0,,,0 days 00:00:35.184000,0 days 00:00:43.163000,0 days 00:00:18.554000,0 days 02:21:05.251000,0 days 02:21:48.414000,0 days 02:22:06.968000,278.0,297.0,255.0,296.0,False,MEDIUM,17.0,False,Ferrari,0 days 02:20:29.166000,2024-04-07 06:21:30.800,1,3.0,False,,False,True
729,0 days 02:23:43.173000,SAI,55,0 days 00:01:37.106000,32.0,3.0,,,0 days 00:00:35.216000,0 days 00:00:43.238000,0 days 00:00:18.652000,0 days 02:22:42.184000,0 days 02:23:25.422000,0 days 02:23:44.074000,277.0,297.0,255.0,297.0,False,MEDIUM,18.0,False,Ferrari,0 days 02:22:06.067000,2024-04-07 06:23:07.701,1,3.0,False,,False,True
730,0 days 02:25:20.406000,SAI,55,0 days 00:01:37.233000,33.0,3.0,,,0 days 00:00:35.178000,0 days 00:00:43.424000,0 days 00:00:18.631000,0 days 02:24:19.252000,0 days 02:25:02.676000,0 days 02:25:21.307000,279.0,297.0,254.0,298.0,False,MEDIUM,19.0,False,Ferrari,0 days 02:23:43.173000,2024-04-07 06:24:44.807,1,3.0,False,,False,True
731,0 days 02:26:57.307000,SAI,55,0 days 00:01:36.901000,34.0,3.0,,,0 days 00:00:35.252000,0 days 00:00:43.177000,0 days 00:00:18.472000,0 days 02:25:56.559000,0 days 02:26:39.736000,0 days 02:26:58.208000,277.0,296.0,256.0,297.0,False,MEDIUM,20.0,False,Ferrari,0 days 02:25:20.406000,2024-04-07 06:26:22.040,1,2.0,False,,False,True
732,0 days 02:28:34.255000,SAI,55,0 days 00:01:36.948000,35.0,3.0,,,0 days 00:00:35.136000,0 days 00:00:43.110000,0 days 00:00:18.702000,0 days 02:27:33.344000,0 days 02:28:16.454000,0 days 02:28:35.156000,280.0,298.0,247.0,299.0,False,MEDIUM,21.0,False,Ferrari,0 days 02:26:57.307000,2024-04-07 06:27:58.941,1,1.0,True,TRACK LIMITS AT TURN 17 LAP 35 ,False,True
733,0 days 02:30:13.565000,SAI,55,0 days 00:01:39.310000,36.0,3.0,,0 days 02:30:13.275000,0 days 00:00:35.183000,0 days 00:00:43.170000,0 days 00:00:20.957000,0 days 02:29:10.339000,0 days 02:29:53.509000,0 days 02:30:14.466000,281.0,299.0,,300.0,False,MEDIUM,22.0,False,Ferrari,0 days 02:28:34.255000,2024-04-07 06:29:35.889,1,1.0,False,,False,False
734,0 days 02:32:08.628000,SAI,55,0 days 00:01:55.063000,37.0,4.0,0 days 02:30:36.682000,,0 days 00:00:54.094000,0 days 00:00:42.463000,0 days 00:00:18.506000,0 days 02:31:08.560000,0 days 02:31:51.023000,0 days 02:32:09.529000,281.0,303.0,264.0,307.0,False,HARD,1.0,True,Ferrari,0 days 02:30:13.565000,2024-04-07 06:31:15.199,1,7.0,False,,False,False
735,0 days 02:33:42.623000,SAI,55,0 days 00:01:33.995000,38.0,4.0,,,0 days 00:00:33.588000,0 days 00:00:42.107000,0 days 00:00:18.300000,0 days 02:32:43.117000,0 days 02:33:25.224000,0 days 02:33:43.524000,280.0,297.0,258.0,296.0,True,HARD,2.0,True,Ferrari,0 days 02:32:08.628000,2024-04-07 06:33:10.262,1,5.0,False,,False,True
736,0 days 02:35:17.042000,SAI,55,0 days 00:01:34.419000,39.0,4.0,,,0 days 00:00:34.056000,0 days 00:00:42.174000,0 days 00:00:18.189000,0 days 02:34:17.580000,0 days 02:34:59.754000,0 days 02:35:17.943000,277.0,299.0,257.0,297.0,False,HARD,3.0,True,Ferrari,0 days 02:33:42.623000,2024-04-07 06:34:44.257,1,5.0,False,,False,True
737,0 days 02:36:51.438000,SAI,55,0 days 00:01:34.396000,40.0,4.0,,,0 days 00:00:33.977000,0 days 00:00:42.111000,0 days 00:00:18.308000,0 days 02:35:51.920000,0 days 02:36:34.031000,0 days 02:36:52.339000,278.0,301.0,258.0,299.0,False,HARD,4.0,True,Ferrari,0 days 02:35:17.042000,2024-04-07 06:36:18.676,1,5.0,False,,False,True
738,0 days 02:38:26.301000,SAI,55,0 days 00:01:34.863000,41.0,4.0,,,0 days 00:00:34.232000,0 days 00:00:42.342000,0 days 00:00:18.289000,0 days 02:37:26.571000,0 days 02:38:08.913000,0 days 02:38:27.202000,280.0,301.0,258.0,300.0,False,HARD,5.0,True,Ferrari,0 days 02:36:51.438000,2024-04-07 06:37:53.072,1,5.0,False,,False,True
739,0 days 02:40:01.594000,SAI,55,0 days 00:01:35.293000,42.0,4.0,,,0 days 00:00:34.066000,0 days 00:00:43.003000,0 days 00:00:18.224000,0 days 02:39:01.268000,0 days 02:39:44.271000,0 days 02:40:02.495000,278.0,301.0,258.0,302.0,False,HARD,6.0,True,Ferrari,0 days 02:38:26.301000,2024-04-07 06:39:27.935,2,5.0,False,,False,True
740,0 days 02:41:36.344000,SAI,55,0 days 00:01:34.750000,43.0,4.0,,,0 days 00:00:33.970000,0 days 00:00:42.434000,0 days 00:00:18.346000,0 days 02:40:36.465000,0 days 02:41:18.899000,0 days 02:41:37.245000,285.0,304.0,264.0,306.0,False,HARD,7.0,True,Ferrari,0 days 02:40:01.594000,2024-04-07 06:41:03.228,1,5.0,False,,False,True
741,0 days 02:43:10.680000,SAI,55,0 days 00:01:34.336000,44.0,4.0,,,0 days 00:00:33.784000,0 days 00:00:42.143000,0 days 00:00:18.409000,0 days 02:42:11.029000,0 days 02:42:53.172000,0 days 02:43:11.581000,277.0,303.0,257.0,302.0,False,HARD,8.0,True,Ferrari,0 days 02:41:36.344000,2024-04-07 06:42:37.978,1,4.0,False,,False,True
742,0 days 02:44:45.686000,SAI,55,0 days 00:01:35.006000,45.0,4.0,,,0 days 00:00:34.293000,0 days 00:00:42.343000,0 days 00:00:18.370000,0 days 02:43:45.874000,0 days 02:44:28.217000,0 days 02:44:46.587000,282.0,302.0,264.0,302.0,False,HARD,9.0,True,Ferrari,0 days 02:43:10.680000,2024-04-07 06:44:12.314,1,4.0,False,,False,True
743,0 days 02:46:19.527000,SAI,55,0 days 00:01:33.841000,46.0,4.0,,,0 days 00:00:33.310000,0 days 00:00:42.225000,0 days 00:00:18.306000,0 days 02:45:19.897000,0 days 02:46:02.122000,0 days 02:46:20.428000,279.0,297.0,257.0,297.0,True,HARD,10.0,True,Ferrari,0 days 02:44:45.686000,2024-04-07 06:45:47.320,1,3.0,False,,False,True
744,0 days 02:47:54.590000,SAI,55,0 days 00:01:35.063000,47.0,4.0,,,0 days 00:00:34.257000,0 days 00:00:42.398000,0 days 00:00:18.408000,0 days 02:46:54.685000,0 days 02:47:37.083000,0 days 02:47:55.491000,277.0,298.0,257.0,295.0,False,HARD,11.0,True,Ferrari,0 days 02:46:19.527000,2024-04-07 06:47:21.161,1,3.0,False,,False,True
745,0 days 02:49:29.552000,SAI,55,0 days 00:01:34.962000,48.0,4.0,,,0 days 00:00:34.153000,0 days 00:00:42.399000,0 days 00:00:18.410000,0 days 02:48:29.644000,0 days 02:49:12.043000,0 days 02:49:30.453000,280.0,297.0,256.0,297.0,False,HARD,12.0,True,Ferrari,0 days 02:47:54.590000,2024-04-07 06:48:56.224,1,3.0,False,,False,True
746,0 days 02:51:04.304000,SAI,55,0 days 00:01:34.752000,49.0,4.0,,,0 days 00:00:33.935000,0 days 00:00:42.487000,0 days 00:00:18.330000,0 days 02:50:04.388000,0 days 02:50:46.875000,0 days 02:51:05.205000,278.0,298.0,257.0,296.0,False,HARD,13.0,True,Ferrari,0 days 02:49:29.552000,2024-04-07 06:50:31.186,1,3.0,False,,False,True
747,0 days 02:52:38.940000,SAI,55,0 days 00:01:34.636000,50.0,4.0,,,0 days 00:00:33.972000,0 days 00:00:42.405000,0 days 00:00:18.259000,0 days 02:51:39.177000,0 days 02:52:21.582000,0 days 02:52:39.841000,,298.0,258.0,298.0,False,HARD,14.0,True,Ferrari,0 days 02:51:04.304000,2024-04-07 06:52:05.938,1,3.0,False,,False,True
748,0 days 02:54:13.817000,SAI,55,0 days 00:01:34.877000,51.0,4.0,,,0 days 00:00:34.124000,0 days 00:00:42.369000,0 days 00:00:18.384000,0 days 02:53:13.965000,0 days 02:53:56.334000,0 days 02:54:14.718000,279.0,299.0,258.0,298.0,False,HARD,15.0,True,Ferrari,0 days 02:52:38.940000,2024-04-07 06:53:40.574,1,3.0,False,,False,True
749,0 days 02:55:49.020000,SAI,55,0 days 00:01:35.203000,52.0,4.0,,,0 days 00:00:33.978000,0 days 00:00:42.685000,0 days 00:00:18.540000,0 days 02:54:48.696000,0 days 02:55:31.381000,0 days 02:55:49.921000,,300.0,258.0,298.0,False,HARD,16.0,True,Ferrari,0 days 02:54:13.817000,2024-04-07 06:55:15.451,1,3.0,False,,False,True
750,0 days 02:57:24.244000,SAI,55,0 days 00:01:35.224000,53.0,4.0,,,0 days 00:00:34.164000,0 days 00:00:42.648000,0 days 00:00:18.412000,0 days 02:56:24.085000,0 days 02:57:06.733000,0 days 02:57:25.145000,281.0,301.0,258.0,303.0,False,HARD,17.0,True,Ferrari,0 days 02:55:49.020000,2024-04-07 06:56:50.654,1,3.0,False,,False,True
105,0 days 01:04:53.564000,PER,11,0 days 00:02:12.767000,1.0,1.0,0 days 00:24:41.852000,0 days 01:04:51.966000,,0 days 00:01:05.032000,0 days 00:00:31.841000,,0 days 01:04:21.723000,0 days 01:04:53.614000,278.0,223.0,,169.0,False,MEDIUM,1.0,True,Red Bull Racing,0 days 01:02:40.422000,2024-04-07 05:03:42.056,25,2.0,False,,False,False
106,0 days 01:33:24.929000,PER,11,,2.0,2.0,0 days 01:31:09.531000,,,0 days 00:00:56.894000,0 days 00:00:40.221000,,0 days 01:32:44.708000,0 days 01:33:25.035000,189.0,268.0,39.0,152.0,False,MEDIUM,2.0,False,Red Bull Racing,0 days 01:30:58.774000,2024-04-07 05:32:00.408,1,2.0,False,,False,False
107,0 days 01:36:16.500000,PER,11,,3.0,2.0,,,,0 days 00:00:42.877000,0 days 00:00:18.696000,,0 days 01:35:57.906000,0 days 01:36:16.719000,280.0,294.0,254.0,290.0,False,MEDIUM,3.0,False,Red Bull Racing,0 days 01:33:24.929000,2024-04-07 05:34:26.563,1,9.0,False,,False,False
108,0 days 01:37:53.073000,PER,11,0 days 00:01:36.573000,4.0,2.0,,,0 days 00:00:34.694000,0 days 00:00:43.203000,0 days 00:00:18.676000,0 days 01:36:51.194000,0 days 01:37:34.397000,0 days 01:37:53.073000,275.0,295.0,257.0,296.0,True,MEDIUM,4.0,False,Red Bull Racing,0 days 01:36:16.500000,2024-04-07 05:37:18.134,1,6.0,False,,False,True
109,0 days 01:39:29.641000,PER,11,0 days 00:01:36.568000,5.0,2.0,,,0 days 00:00:34.558000,0 days 00:00:43.311000,0 days 00:00:18.699000,0 days 01:38:27.631000,0 days 01:39:10.942000,0 days 01:39:29.641000,276.0,295.0,254.0,297.0,True,MEDIUM,5.0,False,Red Bull Racing,0 days 01:37:53.073000,2024-04-07 05:38:54.707,1,5.0,False,,False,True
110,0 days 01:41:07.334000,PER,11,0 days 00:01:37.693000,6.0,2.0,,,0 days 00:00:35.008000,0 days 00:00:43.981000,0 days 00:00:18.704000,0 days 01:40:04.649000,0 days 01:40:48.630000,0 days 01:41:07.334000,275.0,295.0,253.0,290.0,False,MEDIUM,6.0,False,Red Bull Racing,0 days 01:39:29.641000,2024-04-07 05:40:31.275,1,3.0,True,TRACK LIMITS AT TURN 9 LAP 6 ,False,True
111,0 days 01:42:44.642000,PER,11,0 days 00:01:37.308000,7.0,2.0,,,0 days 00:00:35.091000,0 days 00:00:43.396000,0 days 00:00:18.821000,0 days 01:41:42.425000,0 days 01:42:25.821000,0 days 01:42:44.642000,277.0,295.0,254.0,286.0,False,MEDIUM,7.0,False,Red Bull Racing,0 days 01:41:07.334000,2024-04-07 05:42:08.968,1,2.0,False,,False,True
112,0 days 01:44:21.862000,PER,11,0 days 00:01:37.220000,8.0,2.0,,,0 days 00:00:35.093000,0 days 00:00:43.381000,0 days 00:00:18.746000,0 days 01:43:19.735000,0 days 01:44:03.116000,0 days 01:44:21.862000,278.0,295.0,253.0,295.0,False,MEDIUM,8.0,False,Red Bull Racing,0 days 01:42:44.642000,2024-04-07 05:43:46.276,1,2.0,False,,False,True
113,0 days 01:45:59.700000,PER,11,0 days 00:01:37.838000,9.0,2.0,,,0 days 00:00:35.370000,0 days 00:00:43.600000,0 days 00:00:18.868000,0 days 01:44:57.232000,0 days 01:45:40.832000,0 days 01:45:59.700000,273.0,294.0,253.0,293.0,False,MEDIUM,9.0,False,Red Bull Racing,0 days 01:44:21.862000,2024-04-07 05:45:23.496,1,2.0,False,,False,True
114,0 days 01:47:37.626000,PER,11,0 days 00:01:37.926000,10.0,2.0,,,0 days 00:00:35.593000,0 days 00:00:43.554000,0 days 00:00:18.779000,0 days 01:46:35.293000,0 days 01:47:18.847000,0 days 01:47:37.626000,277.0,294.0,253.0,295.0,False,MEDIUM,10.0,False,Red Bull Racing,0 days 01:45:59.700000,2024-04-07 05:47:01.334,1,2.0,False,,False,True
115,0 days 01:49:15.842000,PER,11,0 days 00:01:38.216000,11.0,2.0,,,0 days 00:00:35.512000,0 days 00:00:43.802000,0 days 00:00:18.902000,0 days 01:48:13.138000,0 days 01:48:56.940000,0 days 01:49:15.842000,,294.0,252.0,292.0,False,MEDIUM,11.0,False,Red Bull Racing,0 days 01:47:37.626000,2024-04-07 05:48:39.260,1,2.0,False,,False,True
116,0 days 01:50:53.998000,PER,11,0 days 00:01:38.156000,12.0,2.0,,,0 days 00:00:35.539000,0 days 00:00:43.770000,0 days 00:00:18.847000,0 days 01:49:51.381000,0 days 01:50:35.151000,0 days 01:50:53.998000,,294.0,253.0,293.0,False,MEDIUM,12.0,False,Red Bull Racing,0 days 01:49:15.842000,2024-04-07 05:50:17.476,1,2.0,False,,False,True
117,0 days 01:52:32.123000,PER,11,0 days 00:01:38.125000,13.0,2.0,,,0 days 00:00:35.462000,0 days 00:00:43.857000,0 days 00:00:18.806000,0 days 01:51:29.460000,0 days 01:52:13.317000,0 days 01:52:32.123000,271.0,294.0,253.0,295.0,False,MEDIUM,13.0,False,Red Bull Racing,0 days 01:50:53.998000,2024-04-07 05:51:55.632,1,2.0,False,,False,True
118,0 days 01:54:10.628000,PER,11,0 days 00:01:38.505000,14.0,2.0,,,0 days 00:00:35.721000,0 days 00:00:43.889000,0 days 00:00:18.895000,0 days 01:53:07.844000,0 days 01:53:51.733000,0 days 01:54:10.628000,277.0,292.0,252.0,292.0,False,MEDIUM,14.0,False,Red Bull Racing,0 days 01:52:32.123000,2024-04-07 05:53:33.757,1,2.0,False,,False,True
119,0 days 01:55:51.534000,PER,11,0 days 00:01:40.906000,15.0,2.0,,0 days 01:55:50.225000,0 days 00:00:35.617000,0 days 00:00:43.864000,0 days 00:00:21.425000,0 days 01:54:46.245000,0 days 01:55:30.109000,0 days 01:55:51.534000,,293.0,,294.0,False,MEDIUM,15.0,False,Red Bull Racing,0 days 01:54:10.628000,2024-04-07 05:55:12.262,1,2.0,False,,False,False
120,0 days 01:57:46.360000,PER,11,0 days 00:01:54.826000,16.0,3.0,0 days 01:56:13.153000,,0 days 00:00:53.869000,0 days 00:00:42.481000,0 days 00:00:18.476000,0 days 01:56:45.403000,0 days 01:57:27.884000,0 days 01:57:46.360000,277.0,297.0,256.0,291.0,False,MEDIUM,1.0,True,Red Bull Racing,0 days 01:55:51.534000,2024-04-07 05:56:53.168,1,6.0,False,,False,False
121,0 days 01:59:23.788000,PER,11,0 days 00:01:37.428000,17.0,3.0,,,0 days 00:00:34.678000,0 days 00:00:43.951000,0 days 00:00:18.799000,0 days 01:58:21.038000,0 days 01:59:04.989000,0 days 01:59:23.788000,280.0,304.0,254.0,284.0,False,MEDIUM,2.0,True,Red Bull Racing,0 days 01:57:46.360000,2024-04-07 05:58:47.994,1,6.0,False,,False,True
122,0 days 02:01:01.632000,PER,11,0 days 00:01:37.844000,18.0,3.0,,,0 days 00:00:35.342000,0 days 00:00:43.801000,0 days 00:00:18.701000,0 days 01:59:59.130000,0 days 02:00:42.931000,0 days 02:01:01.632000,279.0,307.0,253.0,293.0,False,MEDIUM,3.0,True,Red Bull Racing,0 days 01:59:23.788000,2024-04-07 06:00:25.422,1,5.0,False,,False,True
123,0 days 02:02:38.068000,PER,11,0 days 00:01:36.436000,19.0,3.0,,,0 days 00:00:34.925000,0 days 00:00:42.989000,0 days 00:00:18.522000,0 days 02:01:36.557000,0 days 02:02:19.546000,0 days 02:02:38.068000,,298.0,254.0,296.0,True,MEDIUM,4.0,True,Red Bull Racing,0 days 02:01:01.632000,2024-04-07 06:02:03.266,1,5.0,False,,False,True
124,0 days 02:04:14.274000,PER,11,0 days 00:01:36.206000,20.0,3.0,,,0 days 00:00:34.808000,0 days 00:00:42.946000,0 days 00:00:18.452000,0 days 02:03:12.876000,0 days 02:03:55.822000,0 days 02:04:14.274000,277.0,298.0,256.0,298.0,True,MEDIUM,5.0,True,Red Bull Racing,0 days 02:02:38.068000,2024-04-07 06:03:39.702,1,4.0,False,,False,True
125,0 days 02:05:50.832000,PER,11,0 days 00:01:36.558000,21.0,3.0,,,0 days 00:00:34.994000,0 days 00:00:43.049000,0 days 00:00:18.515000,0 days 02:04:49.268000,0 days 02:05:32.317000,0 days 02:05:50.832000,279.0,299.0,256.0,298.0,False,MEDIUM,6.0,True,Red Bull Racing,0 days 02:04:14.274000,2024-04-07 06:05:15.908,1,4.0,False,,False,True
126,0 days 02:07:28.096000,PER,11,0 days 00:01:37.264000,22.0,3.0,,,0 days 00:00:34.920000,0 days 00:00:43.437000,0 days 00:00:18.907000,0 days 02:06:25.752000,0 days 02:07:09.189000,0 days 02:07:28.096000,280.0,302.0,258.0,305.0,False,MEDIUM,7.0,True,Red Bull Racing,0 days 02:05:50.832000,2024-04-07 06:06:52.466,1,4.0,False,,False,True
127,0 days 02:09:04.752000,PER,11,0 days 00:01:36.656000,23.0,3.0,,,0 days 00:00:34.723000,0 days 00:00:43.265000,0 days 00:00:18.668000,0 days 02:08:02.819000,0 days 02:08:46.084000,0 days 02:09:04.752000,279.0,297.0,255.0,297.0,False,MEDIUM,8.0,True,Red Bull Racing,0 days 02:07:28.096000,2024-04-07 06:08:29.730,1,3.0,False,,False,True
128,0 days 02:10:41.673000,PER,11,0 days 00:01:36.921000,24.0,3.0,,,0 days 00:00:34.839000,0 days 00:00:43.391000,0 days 00:00:18.691000,0 days 02:09:39.591000,0 days 02:10:22.982000,0 days 02:10:41.673000,278.0,298.0,259.0,300.0,False,MEDIUM,9.0,True,Red Bull Racing,0 days 02:09:04.752000,2024-04-07 06:10:06.386,1,3.0,False,,False,True
129,0 days 02:12:19.433000,PER,11,0 days 00:01:37.760000,25.0,3.0,,,0 days 00:00:35.304000,0 days 00:00:43.717000,0 days 00:00:18.739000,0 days 02:11:16.977000,0 days 02:12:00.694000,0 days 02:12:19.433000,280.0,300.0,260.0,302.0,False,MEDIUM,10.0,True,Red Bull Racing,0 days 02:10:41.673000,2024-04-07 06:11:43.307,1,3.0,False,,False,True
130,0 days 02:13:57.122000,PER,11,0 days 00:01:37.689000,26.0,3.0,,,0 days 00:00:35.496000,0 days 00:00:43.536000,0 days 00:00:18.657000,0 days 02:12:54.929000,0 days 02:13:38.465000,0 days 02:13:57.122000,281.0,296.0,255.0,291.0,False,MEDIUM,11.0,True,Red Bull Racing,0 days 02:12:19.433000,2024-04-07 06:13:21.067,1,2.0,False,,False,True
131,0 days 02:15:33.965000,PER,11,0 days 00:01:36.843000,27.0,3.0,,,0 days 00:00:34.947000,0 days 00:00:43.279000,0 days 00:00:18.617000,0 days 02:14:32.069000,0 days 02:15:15.348000,0 days 02:15:33.965000,280.0,296.0,255.0,295.0,False,MEDIUM,12.0,True,Red Bull Racing,0 days 02:13:57.122000,2024-04-07 06:14:58.756,1,2.0,False,,False,True
132,0 days 02:17:10.698000,PER,11,0 days 00:01:36.733000,28.0,3.0,,,0 days 00:00:34.875000,0 days 00:00:43.263000,0 days 00:00:18.595000,0 days 02:16:08.840000,0 days 02:16:52.103000,0 days 02:17:10.698000,279.0,297.0,254.0,295.0,False,MEDIUM,13.0,True,Red Bull Racing,0 days 02:15:33.965000,2024-04-07 06:16:35.599,1,2.0,False,,False,True
133,0 days 02:18:47.667000,PER,11,0 days 00:01:36.969000,29.0,3.0,,,0 days 00:00:35.035000,0 days 00:00:43.263000,0 days 00:00:18.671000,0 days 02:17:45.733000,0 days 02:18:28.996000,0 days 02:18:47.667000,280.0,296.0,254.0,296.0,False,MEDIUM,14.0,True,Red Bull Racing,0 days 02:17:10.698000,2024-04-07 06:18:12.332,1,2.0,False,,False,True
134,0 days 02:20:24.764000,PER,11,0 days 00:01:37.097000,30.0,3.0,,,0 days 00:00:35.201000,0 days 00:00:43.289000,0 days 00:00:18.607000,0 days 02:19:22.868000,0 days 02:20:06.157000,0 days 02:20:24.764000,,296.0,255.0,296.0,False,MEDIUM,15.0,True,Red Bull Racing,0 days 02:18:47.667000,2024-04-07 06:19:49.301,1,2.0,False,,False,True
135,0 days 02:22:01.882000,PER,11,0 days 00:01:37.118000,31.0,3.0,,,0 days 00:00:35.150000,0 days 00:00:43.356000,0 days 00:00:18.612000,0 days 02:20:59.914000,0 days 02:21:43.270000,0 days 02:22:01.882000,279.0,296.0,255.0,295.0,False,MEDIUM,16.0,True,Red Bull Racing,0 days 02:20:24.764000,2024-04-07 06:21:26.398,1,2.0,False,,False,True
136,0 days 02:23:38.988000,PER,11,0 days 00:01:37.106000,32.0,3.0,,,0 days 00:00:35.061000,0 days 00:00:43.365000,0 days 00:00:18.680000,0 days 02:22:36.943000,0 days 02:23:20.308000,0 days 02:23:38.988000,,296.0,254.0,297.0,False,MEDIUM,17.0,True,Red Bull Racing,0 days 02:22:01.882000,2024-04-07 06:23:03.516,1,2.0,False,,False,True
137,0 days 02:25:18.397000,PER,11,0 days 00:01:39.409000,33.0,3.0,,0 days 02:25:17.143000,0 days 00:00:35.006000,0 days 00:00:43.257000,0 days 00:00:21.146000,0 days 02:24:13.994000,0 days 02:24:57.251000,0 days 02:25:18.397000,280.0,297.0,,297.0,False,MEDIUM,18.0,True,Red Bull Racing,0 days 02:23:38.988000,2024-04-07 06:24:40.622,1,2.0,False,,False,False
138,0 days 02:27:13.343000,PER,11,0 days 00:01:54.946000,34.0,4.0,0 days 02:25:40.047000,,0 days 00:00:53.934000,0 days 00:00:42.674000,0 days 00:00:18.338000,0 days 02:26:12.331000,0 days 02:26:55.005000,0 days 02:27:13.343000,280.0,304.0,265.0,305.0,False,HARD,1.0,True,Red Bull Racing,0 days 02:25:18.397000,2024-04-07 06:26:20.031,1,6.0,False,,False,False
139,0 days 02:28:47.288000,PER,11,0 days 00:01:33.945000,35.0,4.0,,,0 days 00:00:33.433000,0 days 00:00:42.191000,0 days 00:00:18.321000,0 days 02:27:46.776000,0 days 02:28:28.967000,0 days 02:28:47.288000,278.0,303.0,263.0,305.0,True,HARD,2.0,True,Red Bull Racing,0 days 02:27:13.343000,2024-04-07 06:28:14.977,1,4.0,False,,False,True
140,0 days 02:30:21.767000,PER,11,0 days 00:01:34.479000,36.0,4.0,,,0 days 00:00:33.662000,0 days 00:00:42.278000,0 days 00:00:18.539000,0 days 02:29:20.950000,0 days 02:30:03.228000,0 days 02:30:21.767000,279.0,299.0,257.0,291.0,False,HARD,3.0,True,Red Bull Racing,0 days 02:28:47.288000,2024-04-07 06:29:48.922,1,4.0,False,,False,True
141,0 days 02:31:56.575000,PER,11,0 days 00:01:34.808000,37.0,4.0,,,0 days 00:00:34.020000,0 days 00:00:42.307000,0 days 00:00:18.481000,0 days 02:30:55.787000,0 days 02:31:38.094000,0 days 02:31:56.575000,276.0,300.0,257.0,298.0,False,HARD,4.0,True,Red Bull Racing,0 days 02:30:21.767000,2024-04-07 06:31:23.401,1,2.0,False,,False,True
142,0 days 02:33:31.820000,PER,11,0 days 00:01:35.245000,38.0,4.0,,,0 days 00:00:34.413000,0 days 00:00:42.385000,0 days 00:00:18.447000,0 days 02:32:30.988000,0 days 02:33:13.373000,0 days 02:33:31.820000,279.0,299.0,257.0,298.0,False,HARD,5.0,True,Red Bull Racing,0 days 02:31:56.575000,2024-04-07 06:32:58.209,1,2.0,False,,False,True
143,0 days 02:35:06.810000,PER,11,0 days 00:01:34.990000,39.0,4.0,,,0 days 00:00:34.223000,0 days 00:00:42.294000,0 days 00:00:18.473000,0 days 02:34:06.043000,0 days 02:34:48.337000,0 days 02:35:06.810000,281.0,300.0,256.0,296.0,False,HARD,6.0,True,Red Bull Racing,0 days 02:33:31.820000,2024-04-07 06:34:33.454,1,2.0,False,,False,True
144,0 days 02:36:41.548000,PER,11,0 days 00:01:34.738000,40.0,4.0,,,0 days 00:00:34.051000,0 days 00:00:42.417000,0 days 00:00:18.270000,0 days 02:35:40.861000,0 days 02:36:23.278000,0 days 02:36:41.548000,282.0,300.0,258.0,300.0,False,HARD,7.0,True,Red Bull Racing,0 days 02:35:06.810000,2024-04-07 06:36:08.444,1,2.0,False,,False,True
145,0 days 02:38:16.578000,PER,11,0 days 00:01:35.030000,41.0,4.0,,,0 days 00:00:34.136000,0 days 00:00:42.423000,0 days 00:00:18.471000,0 days 02:37:15.684000,0 days 02:37:58.107000,0 days 02:38:16.578000,281.0,301.0,258.0,301.0,False,HARD,8.0,True,Red Bull Racing,0 days 02:36:41.548000,2024-04-07 06:37:43.182,1,2.0,False,,False,True
146,0 days 02:39:52.011000,PER,11,0 days 00:01:35.433000,42.0,4.0,,,0 days 00:00:34.020000,0 days 00:00:43.077000,0 days 00:00:18.336000,0 days 02:38:50.598000,0 days 02:39:33.675000,0 days 02:39:52.011000,280.0,298.0,258.0,298.0,False,HARD,9.0,True,Red Bull Racing,0 days 02:38:16.578000,2024-04-07 06:39:18.212,2,2.0,False,,False,True
147,0 days 02:41:27.110000,PER,11,0 days 00:01:35.099000,43.0,4.0,,,0 days 00:00:33.973000,0 days 00:00:42.725000,0 days 00:00:18.401000,0 days 02:40:25.984000,0 days 02:41:08.709000,0 days 02:41:27.110000,282.0,298.0,257.0,297.0,False,HARD,10.0,True,Red Bull Racing,0 days 02:39:52.011000,2024-04-07 06:40:53.645,1,2.0,False,,False,True
148,0 days 02:43:01.811000,PER,11,0 days 00:01:34.701000,44.0,4.0,,,0 days 00:00:34.015000,0 days 00:00:42.339000,0 days 00:00:18.347000,0 days 02:42:01.125000,0 days 02:42:43.464000,0 days 02:43:01.811000,281.0,299.0,257.0,297.0,False,HARD,11.0,True,Red Bull Racing,0 days 02:41:27.110000,2024-04-07 06:42:28.744,1,2.0,False,,False,True
149,0 days 02:44:36.807000,PER,11,0 days 00:01:34.996000,45.0,4.0,,,0 days 00:00:34.100000,0 days 00:00:42.464000,0 days 00:00:18.432000,0 days 02:43:35.911000,0 days 02:44:18.375000,0 days 02:44:36.807000,282.0,298.0,257.0,295.0,False,HARD,12.0,True,Red Bull Racing,0 days 02:43:01.811000,2024-04-07 06:44:03.445,1,2.0,False,,False,True
150,0 days 02:46:11.557000,PER,11,0 days 00:01:34.750000,46.0,4.0,,,0 days 00:00:33.927000,0 days 00:00:42.397000,0 days 00:00:18.426000,0 days 02:45:10.734000,0 days 02:45:53.131000,0 days 02:46:11.557000,,297.0,258.0,297.0,False,HARD,13.0,True,Red Bull Racing,0 days 02:44:36.807000,2024-04-07 06:45:38.441,1,2.0,False,,False,True
151,0 days 02:47:46.613000,PER,11,0 days 00:01:35.056000,47.0,4.0,,,0 days 00:00:34.058000,0 days 00:00:42.474000,0 days 00:00:18.524000,0 days 02:46:45.615000,0 days 02:47:28.089000,0 days 02:47:46.613000,,298.0,257.0,298.0,False,HARD,14.0,True,Red Bull Racing,0 days 02:46:11.557000,2024-04-07 06:47:13.191,1,2.0,False,,False,True
152,0 days 02:49:21.996000,PER,11,0 days 00:01:35.383000,48.0,4.0,,,0 days 00:00:34.198000,0 days 00:00:42.525000,0 days 00:00:18.660000,0 days 02:48:20.811000,0 days 02:49:03.336000,0 days 02:49:21.996000,,298.0,256.0,290.0,False,HARD,15.0,True,Red Bull Racing,0 days 02:47:46.613000,2024-04-07 06:48:48.247,1,2.0,False,,False,True
153,0 days 02:50:57.031000,PER,11,0 days 00:01:35.035000,49.0,4.0,,,0 days 00:00:34.003000,0 days 00:00:42.537000,0 days 00:00:18.495000,0 days 02:49:55.999000,0 days 02:50:38.536000,0 days 02:50:57.031000,280.0,299.0,257.0,295.0,False,HARD,16.0,True,Red Bull Racing,0 days 02:49:21.996000,2024-04-07 06:50:23.630,1,2.0,False,,False,True
154,0 days 02:52:32.275000,PER,11,0 days 00:01:35.244000,50.0,4.0,,,0 days 00:00:34.117000,0 days 00:00:42.587000,0 days 00:00:18.540000,0 days 02:51:31.148000,0 days 02:52:13.735000,0 days 02:52:32.275000,279.0,300.0,258.0,293.0,False,HARD,17.0,True,Red Bull Racing,0 days 02:50:57.031000,2024-04-07 06:51:58.665,1,2.0,False,,False,True
155,0 days 02:54:07.165000,PER,11,0 days 00:01:34.890000,51.0,4.0,,,0 days 00:00:33.957000,0 days 00:00:42.550000,0 days 00:00:18.383000,0 days 02:53:06.232000,0 days 02:53:48.782000,0 days 02:54:07.165000,282.0,303.0,258.0,300.0,False,HARD,18.0,True,Red Bull Racing,0 days 02:52:32.275000,2024-04-07 06:53:33.909,1,2.0,False,,False,True
156,0 days 02:55:42.094000,PER,11,0 days 00:01:34.929000,52.0,4.0,,,0 days 00:00:34.130000,0 days 00:00:42.407000,0 days 00:00:18.392000,0 days 02:54:41.295000,0 days 02:55:23.702000,0 days 02:55:42.094000,280.0,300.0,258.0,299.0,False,HARD,19.0,True,Red Bull Racing,0 days 02:54:07.165000,2024-04-07 06:55:08.799,1,2.0,False,,False,True
157,0 days 02:57:16.822000,PER,11,0 days 00:01:34.728000,53.0,4.0,,,0 days 00:00:33.931000,0 days 00:00:42.384000,0 days 00:00:18.413000,0 days 02:56:16.025000,0 days 02:56:58.409000,0 days 02:57:16.822000,279.0,301.0,258.0,301.0,False,HARD,20.0,True,Red Bull Racing,0 days 02:55:42.094000,2024-04-07 06:56:43.728,1,2.0,False,,False,True
